OBDDeviceID,VIN,Policy#
ARBLA_0001,JH4TB2H26CC000000,ARBLA_AUTO_000001
ARBLA_0002,1HGCM82633A004352,ARBLA_AUTO_000002
ARBLA_0003,1LNHM81W8YY836530,ARBLA_AUTO_000003
ARBLA_0004,1ZVHT82H485113456,ARBLA_AUTO_000004
ARBLA_0005,JTMKF4DV5B5309254,ARBLA_AUTO_000005
ARBLA_0006,WP0CA29863U153381,ARBLA_AUTO_000006
ARBLA_0007,2FTRX07W53C371582,ARBLA_AUTO_000007
ARBLA_0008,1FAHP26W49G252740,ARBLA_AUTO_000008
ARBLA_0009,JH4TB2H26CC000001,ARBLA_AUTO_000009
ARBLA_0010,1HGCM82633A004353,ARBLA_AUTO_000010
ARBLA_0011,1LNHM81W8YY836531,ARBLA_AUTO_000011
ARBLA_0012,1ZVHT82H485113457,ARBLA_AUTO_000012
ARBLA_0013,JTMKF4DV5B5309255,ARBLA_AUTO_000013
ARBLA_0014,WP0CA29863U153382,ARBLA_AUTO_000014
ARBLA_0015,2FTRX07W53C371583,ARBLA_AUTO_000015
ARBLA_0016,1FAHP26W49G252741,ARBLA_AUTO_000016
ARBLA_0017,JH4TB2H26CC000002,ARBLA_AUTO_000017
ARBLA_0018,1HGCM82633A004354,ARBLA_AUTO_000018
ARBLA_0019,1LNHM81W8YY836532,ARBLA_AUTO_000019
ARBLA_0020,1ZVHT82H485113458,ARBLA_AUTO_000020
ARBLA_0021,JTMKF4DV5B5309256,ARBLA_AUTO_000021
ARBLA_0022,WP0CA29863U153383,ARBLA_AUTO_000022
ARBLA_0023,2FTRX07W53C371584,ARBLA_AUTO_000023
ARBLA_0024,1FAHP26W49G252742,ARBLA_AUTO_000024
ARBLA_0025,JH4TB2H26CC000003,ARBLA_AUTO_000025
ARBLA_0026,1HGCM82633A004355,ARBLA_AUTO_000026
ARBLA_0027,1LNHM81W8YY836533,ARBLA_AUTO_000027
ARBLA_0028,1ZVHT82H485113459,ARBLA_AUTO_000028
ARBLA_0029,JTMKF4DV5B5309257,ARBLA_AUTO_000029
ARBLA_0030,WP0CA29863U153384,ARBLA_AUTO_000011
ARBLA_0031,2FTRX07W53C371585,ARBLA_AUTO_000012
ARBLA_0032,1FAHP26W49G252743,ARBLA_AUTO_000013
ARBLA_0033,JH4TB2H26CC000004,ARBLA_AUTO_000014
ARBLA_0034,1HGCM82633A004356,ARBLA_AUTO_000015
ARBLA_0035,1LNHM81W8YY836534,ARBLA_AUTO_000016
ARBLA_0036,1ZVHT82H485113460,ARBLA_AUTO_000017
ARBLA_0037,JTMKF4DV5B5309258,ARBLA_AUTO_000018
ARBLA_0038,WP0CA29863U153385,ARBLA_AUTO_000019
ARBLA_0039,2FTRX07W53C371586,ARBLA_AUTO_000020
ARBLA_0040,1FAHP26W49G252744,ARBLA_AUTO_000021
ARBLA_0041,JH4TB2H26CC000005,ARBLA_AUTO_000041
ARBLA_0042,1HGCM82633A004357,ARBLA_AUTO_000042
ARBLA_0043,1LNHM81W8YY836535,ARBLA_AUTO_000043
ARBLA_0044,1ZVHT82H485113461,ARBLA_AUTO_000044
ARBLA_0045,JTMKF4DV5B5309259,ARBLA_AUTO_000045
ARBLA_0046,WP0CA29863U153386,ARBLA_AUTO_000046
ARBLA_0047,2FTRX07W53C371587,ARBLA_AUTO_000047
ARBLA_0048,1FAHP26W49G252745,ARBLA_AUTO_000048
ARBLA_0049,JH4TB2H26CC000006,ARBLA_AUTO_000049
ARBLA_0050,1HGCM82633A004358,ARBLA_AUTO_000050
ARBLA_0051,1LNHM81W8YY836536,ARBLA_AUTO_000051
ARBLA_0052,1ZVHT82H485113462,ARBLA_AUTO_000052
ARBLA_0053,JTMKF4DV5B5309260,ARBLA_AUTO_000053
ARBLA_0054,WP0CA29863U153387,ARBLA_AUTO_000054
ARBLA_0055,2FTRX07W53C371588,ARBLA_AUTO_000055
ARBLA_0056,1FAHP26W49G252746,ARBLA_AUTO_000056
ARBLA_0057,JH4TB2H26CC000007,ARBLA_AUTO_000057
ARBLA_0058,1HGCM82633A004359,ARBLA_AUTO_000058
ARBLA_0059,1LNHM81W8YY836537,ARBLA_AUTO_000059
ARBLA_0060,1ZVHT82H485113463,ARBLA_AUTO_000060
ARBLA_0061,JTMKF4DV5B5309261,ARBLA_AUTO_000061
ARBLA_0062,WP0CA29863U153388,ARBLA_AUTO_000062
ARBLA_0063,2FTRX07W53C371589,ARBLA_AUTO_000063
ARBLA_0064,1FAHP26W49G252747,ARBLA_AUTO_000064
ARBLA_0065,JH4TB2H26CC000008,ARBLA_AUTO_000065
ARBLA_0066,1HGCM82633A004360,ARBLA_AUTO_000066
ARBLA_0067,1LNHM81W8YY836538,ARBLA_AUTO_000067
ARBLA_0068,1ZVHT82H485113464,ARBLA_AUTO_000068
ARBLA_0069,JTMKF4DV5B5309262,ARBLA_AUTO_000069
ARBLA_0070,WP0CA29863U153389,ARBLA_AUTO_000070
ARBLA_0071,2FTRX07W53C371590,ARBLA_AUTO_000011
ARBLA_0072,1FAHP26W49G252748,ARBLA_AUTO_000012
ARBLA_0073,JH4TB2H26CC000009,ARBLA_AUTO_000013
ARBLA_0074,1HGCM82633A004361,ARBLA_AUTO_000014
ARBLA_0075,1LNHM81W8YY836539,ARBLA_AUTO_000015
ARBLA_0076,1ZVHT82H485113465,ARBLA_AUTO_000016
ARBLA_0077,JTMKF4DV5B5309263,ARBLA_AUTO_000017
ARBLA_0078,WP0CA29863U153390,ARBLA_AUTO_000018
ARBLA_0079,2FTRX07W53C371591,ARBLA_AUTO_000019
ARBLA_0080,1FAHP26W49G252749,ARBLA_AUTO_000020
ARBLA_0081,JH4TB2H26CC000010,ARBLA_AUTO_000021
ARBLA_0082,1HGCM82633A004362,ARBLA_AUTO_000082
ARBLA_0083,1LNHM81W8YY836540,ARBLA_AUTO_000083
ARBLA_0084,1ZVHT82H485113466,ARBLA_AUTO_000084
ARBLA_0085,JTMKF4DV5B5309264,ARBLA_AUTO_000085
ARBLA_0086,WP0CA29863U153391,ARBLA_AUTO_000086
ARBLA_0087,2FTRX07W53C371592,ARBLA_AUTO_000087
ARBLA_0088,1FAHP26W49G252750,ARBLA_AUTO_000088
ARBLA_0089,JH4TB2H26CC000011,ARBLA_AUTO_000089
ARBLA_0090,1HGCM82633A004363,ARBLA_AUTO_000090
ARBLA_0091,1LNHM81W8YY836541,ARBLA_AUTO_000091
ARBLA_0092,1ZVHT82H485113467,ARBLA_AUTO_000092
ARBLA_0093,JTMKF4DV5B5309265,ARBLA_AUTO_000093
ARBLA_0094,WP0CA29863U153392,ARBLA_AUTO_000094
ARBLA_0095,2FTRX07W53C371593,ARBLA_AUTO_000095
ARBLA_0096,1FAHP26W49G252751,ARBLA_AUTO_000096
ARBLA_0097,JH4TB2H26CC000012,ARBLA_AUTO_000097
ARBLA_0098,1HGCM82633A004364,ARBLA_AUTO_000098
ARBLA_0099,1LNHM81W8YY836542,ARBLA_AUTO_000099
ARBLA_0100,1ZVHT82H485113468,ARBLA_AUTO_000100
ARBLA_0101,JTMKF4DV5B5309266,ARBLA_AUTO_000101
ARBLA_0102,WP0CA29863U153393,ARBLA_AUTO_000102
ARBLA_0103,2FTRX07W53C371594,ARBLA_AUTO_000103
ARBLA_0104,1FAHP26W49G252752,ARBLA_AUTO_000104
ARBLA_0105,JH4TB2H26CC000013,ARBLA_AUTO_000105
ARBLA_0106,1HGCM82633A004365,ARBLA_AUTO_000106
ARBLA_0107,1LNHM81W8YY836543,ARBLA_AUTO_000107
ARBLA_0108,1ZVHT82H485113469,ARBLA_AUTO_000108
ARBLA_0109,JTMKF4DV5B5309267,ARBLA_AUTO_000109
ARBLA_0110,WP0CA29863U153394,ARBLA_AUTO_000110
ARBLA_0111,2FTRX07W53C371595,ARBLA_AUTO_000111
ARBLA_0112,1FAHP26W49G252753,ARBLA_AUTO_000112
ARBLA_0113,JH4TB2H26CC000014,ARBLA_AUTO_000113
ARBLA_0114,1HGCM82633A004366,ARBLA_AUTO_000114
ARBLA_0115,1LNHM81W8YY836544,ARBLA_AUTO_000115
ARBLA_0116,1ZVHT82H485113470,ARBLA_AUTO_000116
ARBLA_0117,JTMKF4DV5B5309268,ARBLA_AUTO_000117
ARBLA_0118,WP0CA29863U153395,ARBLA_AUTO_000118
ARBLA_0119,2FTRX07W53C371596,ARBLA_AUTO_000119
ARBLA_0120,1FAHP26W49G252754,ARBLA_AUTO_000120
ARBLA_0121,JH4TB2H26CC000015,ARBLA_AUTO_000121
ARBLA_0122,1HGCM82633A004367,ARBLA_AUTO_000122
ARBLA_0123,1LNHM81W8YY836545,ARBLA_AUTO_000123
ARBLA_0124,1ZVHT82H485113471,ARBLA_AUTO_000124
ARBLA_0125,JTMKF4DV5B5309269,ARBLA_AUTO_000125
ARBLA_0126,WP0CA29863U153396,ARBLA_AUTO_000126
ARBLA_0127,2FTRX07W53C371597,ARBLA_AUTO_000127
ARBLA_0128,1FAHP26W49G252755,ARBLA_AUTO_000128
ARBLA_0129,JH4TB2H26CC000016,ARBLA_AUTO_000129
ARBLA_0130,1HGCM82633A004368,ARBLA_AUTO_000130
ARBLA_0131,1LNHM81W8YY836546,ARBLA_AUTO_000131
ARBLA_0132,1ZVHT82H485113472,ARBLA_AUTO_000132
ARBLA_0133,JTMKF4DV5B5309270,ARBLA_AUTO_000133
ARBLA_0134,WP0CA29863U153397,ARBLA_AUTO_000134
ARBLA_0135,2FTRX07W53C371598,ARBLA_AUTO_000135
ARBLA_0136,1FAHP26W49G252756,ARBLA_AUTO_000136
ARBLA_0137,JH4TB2H26CC000017,ARBLA_AUTO_000137
ARBLA_0138,1HGCM82633A004369,ARBLA_AUTO_000138
ARBLA_0139,1LNHM81W8YY836547,ARBLA_AUTO_000139
ARBLA_0140,1ZVHT82H485113473,ARBLA_AUTO_000140
ARBLA_0141,JTMKF4DV5B5309271,ARBLA_AUTO_000141
ARBLA_0142,WP0CA29863U153398,ARBLA_AUTO_000142
ARBLA_0143,2FTRX07W53C371599,ARBLA_AUTO_000143
ARBLA_0144,1FAHP26W49G252757,ARBLA_AUTO_000144
ARBLA_0145,JH4TB2H26CC000018,ARBLA_AUTO_000145
ARBLA_0146,1HGCM82633A004370,ARBLA_AUTO_000146
ARBLA_0147,1LNHM81W8YY836548,ARBLA_AUTO_000147
ARBLA_0148,1ZVHT82H485113474,ARBLA_AUTO_000148
ARBLA_0149,JTMKF4DV5B5309272,ARBLA_AUTO_000149
ARBLA_0150,WP0CA29863U153399,ARBLA_AUTO_000150
ARBLA_0151,2FTRX07W53C371600,ARBLA_AUTO_000151
ARBLA_0152,1FAHP26W49G252758,ARBLA_AUTO_000152
ARBLA_0153,JH4TB2H26CC000019,ARBLA_AUTO_000153
ARBLA_0154,1HGCM82633A004371,ARBLA_AUTO_000154
ARBLA_0155,1LNHM81W8YY836549,ARBLA_AUTO_000155
ARBLA_0156,1ZVHT82H485113475,ARBLA_AUTO_000147
ARBLA_0157,JTMKF4DV5B5309273,ARBLA_AUTO_000148
ARBLA_0158,WP0CA29863U153400,ARBLA_AUTO_000149
ARBLA_0159,2FTRX07W53C371601,ARBLA_AUTO_000150
ARBLA_0160,1FAHP26W49G252759,ARBLA_AUTO_000151
ARBLA_0161,JH4TB2H26CC000020,ARBLA_AUTO_000152
ARBLA_0162,1HGCM82633A004372,ARBLA_AUTO_000153
ARBLA_0163,1LNHM81W8YY836550,ARBLA_AUTO_000154
ARBLA_0164,1ZVHT82H485113476,ARBLA_AUTO_000155
ARBLA_0165,JTMKF4DV5B5309274,ARBLA_AUTO_000165
ARBLA_0166,WP0CA29863U153401,ARBLA_AUTO_000166
ARBLA_0167,2FTRX07W53C371602,ARBLA_AUTO_000167
ARBLA_0168,1FAHP26W49G252760,ARBLA_AUTO_000168
ARBLA_0169,JH4TB2H26CC000021,ARBLA_AUTO_000169
ARBLA_0170,1HGCM82633A004373,ARBLA_AUTO_000170
ARBLA_0171,1LNHM81W8YY836551,ARBLA_AUTO_000171
ARBLA_0172,1ZVHT82H485113477,ARBLA_AUTO_000172
ARBLA_0173,JTMKF4DV5B5309275,ARBLA_AUTO_000173
ARBLA_0174,WP0CA29863U153402,ARBLA_AUTO_000174
ARBLA_0175,2FTRX07W53C371603,ARBLA_AUTO_000175
ARBLA_0176,1FAHP26W49G252761,ARBLA_AUTO_000176
ARBLA_0177,JH4TB2H26CC000022,ARBLA_AUTO_000177
ARBLA_0178,1HGCM82633A004374,ARBLA_AUTO_000178
ARBLA_0179,1LNHM81W8YY836552,ARBLA_AUTO_000179
ARBLA_0180,1ZVHT82H485113478,ARBLA_AUTO_000180
ARBLA_0181,JTMKF4DV5B5309276,ARBLA_AUTO_000181
ARBLA_0182,WP0CA29863U153403,ARBLA_AUTO_000182
ARBLA_0183,2FTRX07W53C371604,ARBLA_AUTO_000183
ARBLA_0184,1FAHP26W49G252762,ARBLA_AUTO_000170
ARBLA_0185,JH4TB2H26CC000023,ARBLA_AUTO_000171
ARBLA_0186,1HGCM82633A004375,ARBLA_AUTO_000172
ARBLA_0187,1LNHM81W8YY836553,ARBLA_AUTO_000173
ARBLA_0188,1ZVHT82H485113479,ARBLA_AUTO_000174
ARBLA_0189,JTMKF4DV5B5309277,ARBLA_AUTO_000175
ARBLA_0190,WP0CA29863U153404,ARBLA_AUTO_000176
ARBLA_0191,2FTRX07W53C371605,ARBLA_AUTO_000177
ARBLA_0192,1FAHP26W49G252763,ARBLA_AUTO_000178
ARBLA_0193,JH4TB2H26CC000024,ARBLA_AUTO_000179
ARBLA_0194,1HGCM82633A004376,ARBLA_AUTO_000180
ARBLA_0195,1LNHM81W8YY836554,ARBLA_AUTO_000181
ARBLA_0196,1ZVHT82H485113480,ARBLA_AUTO_000182
ARBLA_0197,JTMKF4DV5B5309278,ARBLA_AUTO_000197
ARBLA_0198,WP0CA29863U153405,ARBLA_AUTO_000198
ARBLA_0199,2FTRX07W53C371606,ARBLA_AUTO_000199